"","start_date","end_date","status","ip_address","progress","duration_in_seconds","finished","recorded_date","response_id","recipient_last_name","recipient_first_name","recipient_email","external_reference","location_latitude","location_longitude","distribution_channel","user_language","timer_first_click","timer_last_click","timer_page_submit","timer_click_count","age_guess_2","attractive","intelligent","kind","friendly","talented","successful","confident","trustworthy","free","associate_1","associate_2","associate_3","judge_1","judge_2","age","gen","race_1","race_2","race_3","race_4","race_5","race_6","race_6_text","id","beard","glasses"
"1","4/28/19 11:48","4/28/19 11:49",0,"206.21.170.24",100,51,1,"4/28/19 11:49","R_rdLOqqIeIWlKpP3",NA,NA,NA,NA,39.13969421,-84.47059631,"anonymous","EN",11.256,11.256,11.687,1,24,3,5,6,6,5,4,3,5,"",6,6,5,5,5,20,"Male",1,NA,NA,NA,NA,NA,"",NA,"Beard","Glasses"
"2","4/28/19 11:48","4/28/19 11:49",0,"108.46.151.50",100,88,1,"4/28/19 11:49","R_3J4uHdB0sYJL3ho",NA,NA,NA,NA,40.7263031,-73.98179626,"anonymous","EN",1.296,1.296,15.108,1,25,3,4,5,5,5,5,5,5,"They seem like a happy person.",4,4,3,3,5,32,"Male",NA,NA,NA,1,NA,NA,"",NA,"No Beard","No Glasses"
"3","4/28/19 11:48","4/28/19 11:50",0,"66.91.99.250",100,102,1,"4/28/19 11:50","R_2ctMhs5N0xsbfh8",NA,NA,NA,NA,20.89660645,-156.5036011,"anonymous","EN",0.69,14.766,15.008,11,25,4,6,6,6,5,5,7,7,"jolly person and easy to get along with",4,4,4,4,4,23,"Female",NA,NA,NA,1,NA,NA,"",NA,"No Beard","No Glasses"
"4","4/28/19 11:48","4/28/19 11:50",0,"71.48.149.44",100,94,1,"4/28/19 11:50","R_W9z1Y6rsCBwo253",NA,NA,NA,NA,38.09950256,-78.40850067,"anonymous","EN",0,0,13.274,0,25,5,5,6,6,4,5,5,5,"",5,5,4,6,6,50,"Male",1,NA,NA,NA,NA,NA,"",NA,"No Beard","Glasses"
"5","4/28/19 11:49","4/28/19 11:50",0,"47.34.36.106",100,73,1,"4/28/19 11:50","R_3fVFiMVCXjFAYjY",NA,NA,NA,NA,43.52139282,-88.19249725,"anonymous","EN",0,0,11.064,0,20,4,4,4,5,4,3,5,4,"",5,5,4,5,5,43,"Male",1,NA,NA,NA,NA,NA,"",NA,"No Beard","No Glasses"
"6","4/28/19 11:48","4/28/19 11:50",0,"32.210.175.104",100,105,1,"4/28/19 11:50","R_svCkfRphc5nLzZT",NA,NA,NA,NA,41.46820068,-72.57510376,"anonymous","EN",4.068,4.068,12.427,1,25,4,6,6,7,4,4,6,5,"he needs to shave",5,4,3,6,6,28,"Female",1,NA,NA,NA,NA,NA,"",NA,"Beard","No Glasses"
"7","4/28/19 11:49","4/28/19 11:50",0,"64.121.102.112",100,58,1,"4/28/19 11:50","R_2U0o2g0ERITC40X",NA,NA,NA,NA,40.58850098,-75.46420288,"anonymous","EN",1.486,1.486,11.336,1,24,6,5,7,7,4,6,5,5,"none",7,5,6,5,6,27,"Male",1,NA,NA,NA,NA,NA,"",NA,"No Beard","Glasses"
"8","4/28/19 11:48","4/28/19 11:50",0,"98.190.60.183",100,122,1,"4/28/19 11:50","R_3e5noAaLxpypf9z",NA,NA,NA,NA,37.05799866,-76.46070099,"anonymous","EN",0,0,15.159,0,23,5,5,6,7,5,5,6,4,"The person seems to be happy.",6,6,5,6,6,556,"Male",NA,1,NA,NA,NA,NA,"",NA,"Beard","Glasses"
"9","4/28/19 11:48","4/28/19 11:50",0,"68.196.25.162",100,112,1,"4/28/19 11:50","R_pnhowugLcrLzCjT",NA,NA,NA,NA,40.98640442,-74.11119843,"anonymous","EN",0,0,11.562,0,24,3,7,7,7,4,4,6,5,"The person appeared very happy and positive.",6,6,6,5,6,27,"Female",1,NA,NA,NA,NA,NA,"",NA,"No Beard","No Glasses"
"10","4/28/19 11:48","4/28/19 11:50",0,"174.199.33.3",100,110,1,"4/28/19 11:50","R_UuKcn9D7wqVOmnT",NA,NA,NA,NA,41.85009766,-72.46489716,"anonymous","EN",0,0,11.161,0,31,4,6,5,3,4,4,3,5,"He's a little bit """"dorky"""".",5,6,5,4,5,39,"Male",1,NA,NA,NA,NA,NA,"",NA,"Beard","Glasses"
"11","4/28/19 11:48","4/28/19 11:50",0,"108.68.145.163",100,131,1,"4/28/19 11:50","R_2dX8CC9iugomZD1",NA,NA,NA,NA,25.66659546,-80.4036026,"anonymous","EN",0,0,11.24,0,32,2,3,3,6,4,4,5,4,"",4,3,4,4,5,34,"Female",1,NA,NA,NA,NA,NA,"",NA,"No Beard","No Glasses"
"12","4/28/19 11:49","4/28/19 11:50",0,"213.205.240.92",100,87,1,"4/28/19 11:50","R_2UbaY7bm4gh3iC9",NA,NA,NA,NA,51.52780151,0.026000977,"anonymous","EN",0,0,15.013,0,30,4,5,5,6,5,5,6,5,"",5,6,6,4,4,37,"Male",1,NA,NA,NA,NA,NA,"",NA,"No Beard","Glasses"
"13","4/28/19 11:49","4/28/19 11:50",0,"50.89.227.185",100,112,1,"4/28/19 11:50","R_1Kyd4MAbO6ISTz0",NA,NA,NA,NA,28.03129578,-80.59950256,"anonymous","EN",2.884,2.884,15.012,1,26,5,5,6,6,5,5,6,5,"Seems like someone fun to hang out with.",5,5,4,5,5,42,"Female",1,NA,NA,NA,NA,NA,"",NA,"No Beard","Glasses"
"14","4/28/19 11:49","4/28/19 11:51",0,"98.157.147.226",100,111,1,"4/28/19 11:51","R_2SBvurz5xMYMotU",NA,NA,NA,NA,37.09950256,-84.11309814,"anonymous","EN",0,0,13.581,0,25,4,4,4,4,4,4,4,4,"N/A",4,4,4,4,4,60,"Female",1,NA,NA,NA,NA,NA,"",NA,"No Beard","Glasses"
"15","4/28/19 11:49","4/28/19 11:51",0,"172.58.224.178",100,122,1,"4/28/19 11:51","R_3n2G8fZg5KpVUPZ",NA,NA,NA,NA,40.68009949,-73.92070007,"anonymous","EN",0.973,0.973,11.432,1,28,7,7,7,7,7,7,7,7,"He's cute does he like black chicks you my email ðŸ˜˜",6,6,7,6,6,25,"Female",NA,1,1,1,1,NA,"",NA,"Beard","No Glasses"
"16","4/28/19 11:49","4/28/19 11:51",0,"76.117.162.199",100,126,1,"4/28/19 11:51","R_2TSDCukdCGGEA2v",NA,NA,NA,NA,40.80220032,-74.19139862,"anonymous","EN",0,0,15.01,0,35,1,2,4,5,3,5,1,2,"A jarring and unnatural smile",1,2,2,5,5,41,"Male",NA,1,NA,NA,NA,NA,"",NA,"Beard","Glasses"
"17","4/28/19 11:48","4/28/19 11:51",0,"75.143.203.90",100,179,1,"4/28/19 11:51","R_3oAxX7wVyFjg9Tk",NA,NA,NA,NA,47.49499512,-111.2501984,"anonymous","EN",11.235,11.235,14.735,1,25,6,6,6,6,5,5,6,5,"",5,5,5,5,5,57,"Female",1,NA,NA,NA,NA,NA,"",NA,"Beard","No Glasses"
"18","4/28/19 11:49","4/28/19 11:51",0,"70.15.84.214",100,150,1,"4/28/19 11:51","R_2BfEjML9ngDayYS",NA,NA,NA,NA,41.22079468,-75.77359772,"anonymous","EN",0,0,12.492,0,40,6,6,6,6,6,6,6,6,"I was mostly noticing his excitement and he need a shave.",6,6,6,2,4,67,"Male",1,NA,NA,NA,NA,NA,"",NA,"Beard","No Glasses"
"19","4/28/19 11:50","4/28/19 11:52",0,"173.168.89.32",100,108,1,"4/28/19 11:52","R_0PNIswoHroHVdRL",NA,NA,NA,NA,28.14900208,-82.04109955,"anonymous","EN",0,0,11.633,0,23,5,5,4,5,4,5,6,4,"Looks like a goofy person, perhaps outgoing and enjoys being around others.",5,5,4,5,5,27,"Male",1,NA,NA,NA,NA,NA,"",NA,"No Beard","Glasses"
"20","4/28/19 11:50","4/28/19 11:52",0,"173.173.161.231",100,108,1,"4/28/19 11:52","R_1Dr2rKErtzygDJA",NA,NA,NA,NA,26.42149353,-99.00250244,"anonymous","EN",1.126,1.126,15.764,1,28,4,4,6,6,5,6,7,5,"Nice hair.",5,5,4,5,5,23,"Male",1,NA,NA,NA,NA,NA,"",NA,"Beard","No Glasses"
"21","4/28/19 11:50","4/28/19 11:52",0,"173.20.149.219",100,123,1,"4/28/19 11:52","R_2478M86agpjm0YW",NA,NA,NA,NA,41.63439941,-91.50540161,"anonymous","EN",0,0,12.112,0,33,4,5,5,6,6,6,6,5,"Happy",4,5,5,3,4,27,"Female",1,NA,NA,NA,NA,NA,"",NA,"Beard","No Glasses"
"22","4/28/19 11:50","4/28/19 11:52",0,"67.42.98.244",100,121,1,"4/28/19 11:52","R_2ypdJtjkq8NADjG",NA,NA,NA,NA,47.37860107,-122.6999969,"anonymous","EN",7.486,14.275,15.012,2,34,4,5,5,5,5,5,5,5,"Seemed kind of goofy.",5,5,4,6,6,43,"Female",1,NA,NA,NA,NA,NA,"",NA,"No Beard","Glasses"
"23","4/28/19 11:51","4/28/19 11:52",0,"74.132.10.7",100,88,1,"4/28/19 11:52","R_2BahXEYsHOWCZnn",NA,NA,NA,NA,38.23449707,-85.72360229,"anonymous","EN",0,0,11.484,0,30,6,6,6,6,6,5,6,6,"Looks friendly and fun!",6,6,3,6,6,35,"Female",1,NA,NA,NA,NA,NA,"",NA,"Beard","Glasses"
"24","4/28/19 11:50","4/28/19 11:53",0,"75.161.135.57",100,191,1,"4/28/19 11:53","R_a5krgMHMymoqPlf",NA,NA,NA,NA,35.13690186,-106.5198975,"anonymous","EN",0,0,11.303,0,26,4,4,5,6,4,4,6,4,"Seemed like a fun and funny guy--most likely able to make a boring time a bit more entertaining.",5,6,4,4,5,31,"Male",1,NA,NA,NA,NA,NA,"",NA,"Beard","Glasses"
"25","4/28/19 11:51","4/28/19 11:53",0,"75.72.215.240",100,141,1,"4/28/19 11:53","R_3yLiwvrCFy06Qfv",NA,NA,NA,NA,44.94020081,-93.21880341,"anonymous","EN",0,0,11.3,0,26,5,4,6,6,4,4,5,5,"The open mouth smile was distinct",6,5,5,5,5,23,"Male",1,NA,NA,NA,NA,NA,"",NA,"No Beard","No Glasses"
"26","4/28/19 11:52","4/28/19 11:53",0,"108.6.80.122",100,77,1,"4/28/19 11:53","R_0BP7jnn0mtgqNDr",NA,NA,NA,NA,40.85270691,-73.93830109,"anonymous","EN",4.353,4.353,11.701,1,22,4,3,6,6,4,4,5,4,"He was making a silly face",4,4,3,5,4,30,"Female",1,NA,NA,NA,NA,NA,"",NA,"No Beard","No Glasses"
"27","4/28/19 11:52","4/28/19 11:54",0,"67.53.249.114",100,121,1,"4/28/19 11:54","R_UEewhDDEdCwC93P",NA,NA,NA,NA,44.55220032,-88.07879639,"anonymous","EN",0,0,15.08,0,31,5,5,7,7,5,2,7,6,"It just looks like he would be the life of the party or overcompensating for crippling depression.",6,7,5,7,7,32,"Male",1,NA,NA,NA,NA,NA,"",NA,"No Beard","Glasses"
"28","4/28/19 11:51","4/28/19 11:54",0,"71.209.251.42",100,138,1,"4/28/19 11:54","R_qUa9jNzelki3BgB",NA,NA,NA,NA,33.53390503,-112.1722031,"anonymous","EN",0,0,13.119,0,24,4,4,4,4,4,4,4,4,"like any other",4,4,4,4,4,55,"Male",1,NA,NA,NA,NA,NA,"",NA,"No Beard","No Glasses"
"29","4/28/19 11:52","4/28/19 11:54",0,"174.100.149.123",100,140,1,"4/28/19 11:54","R_2bH7BqsKYd32Xxj",NA,NA,NA,NA,41.0328064,-81.438797,"anonymous","EN",6.892,6.892,11.655,1,29,5,4,5,5,4,4,4,4,"None",4,3,4,4,4,27,"Female",1,1,NA,NA,NA,NA,"",NA,"Beard","Glasses"
"30","4/28/19 11:52","4/28/19 11:54",0,"174.48.205.52",100,138,1,"4/28/19 11:54","R_2XoB41216YRsID8",NA,NA,NA,NA,26.71650696,-80.06790161,"anonymous","EN",0,0,13.937,0,25,7,7,7,7,7,7,7,7,"Reminded me of the typical college student in the US.",6,6,5,4,5,61,"Female",1,NA,NA,NA,NA,NA,"",NA,"Beard","Glasses"
"31","4/28/19 11:50","4/28/19 11:54",0,"172.56.6.94",100,246,1,"4/28/19 11:54","R_27x4uqutPiTr7oG",NA,NA,NA,NA,32.9992981,-96.83460236,"anonymous","EN",8.027,8.027,15.011,1,26,5,5,5,6,4,5,6,4,"I thought he looks like Jimmy Kimmel.  Average-looking guy, looks friendly, and he has nice teeth.",5,5,4,5,5,38,"Male",1,NA,NA,NA,NA,NA,"",NA,"No Beard","No Glasses"
"32","4/28/19 11:50","4/28/19 11:54",0,"174.68.149.36",100,213,1,"4/28/19 11:54","R_DtJiqGievWMvmDf",NA,NA,NA,NA,36.05880737,-115.3104019,"anonymous","EN",5.919,5.919,15.019,1,29,7,7,5,7,7,6,7,5,"To me he looks like a teacher or a medical student.",5,7,7,7,7,29,"Female",NA,NA,NA,1,NA,NA,"",NA,"Beard","Glasses"
"33","4/28/19 11:52","4/28/19 11:55",0,"24.15.227.25",100,156,1,"4/28/19 11:55","R_2zAU84tE8uYJB7Y",NA,NA,NA,NA,41.90170288,-87.65630341,"anonymous","EN",0,0,14.715,0,27,3,5,5,6,6,4,4,6,"funny; good sesnse of humor",5,5,4,6,6,34,"Male",1,NA,NA,NA,NA,NA,"",NA,"No Beard","No Glasses"
"34","4/28/19 11:53","4/28/19 11:55",0,"172.116.185.230",100,82,1,"4/28/19 11:55","R_pKKcJ2zMydynNXb",NA,NA,NA,NA,34.10600281,-118.3607025,"anonymous","EN",0,0,11.545,0,24,4,5,6,6,5,4,4,6,"It's a bit of a cringey selfie but he just looks uncomfortable but playful",5,5,4,6,6,30,"Male",1,NA,NA,NA,NA,NA,"",NA,"No Beard","No Glasses"
"35","4/28/19 11:53","4/28/19 11:55",0,"108.249.19.59",100,91,1,"4/28/19 11:55","R_2tmPDL0IYB3mMK3",NA,NA,NA,NA,34.19110107,-80.97579956,"anonymous","EN",0,0,11.69,0,28,3,4,4,6,4,5,5,5,"his eyebrows should be trimmed",6,6,2,5,5,43,"Female",1,NA,NA,NA,NA,NA,"",NA,"No Beard","No Glasses"
"36","4/28/19 11:51","4/28/19 11:55",0,"199.241.125.83",100,246,1,"4/28/19 11:55","R_88QFUe7VdUzHIBz",NA,NA,NA,NA,44.97520447,-93.26119995,"anonymous","EN",0,0,13.789,0,33,7,7,7,7,7,7,7,7,"Cute",6,6,7,7,7,40,"Male",NA,NA,1,NA,NA,NA,"",NA,"Beard","No Glasses"
"37","4/28/19 11:53","4/28/19 11:55",0,"174.198.10.206",100,103,1,"4/28/19 11:55","R_2t4hdEMt2g11KNW",NA,NA,NA,NA,42.06480408,-87.93560028,"anonymous","EN",0,0,13.631,0,32,4,5,7,7,5,5,7,7,"He seems goofy and nice.",7,7,7,7,7,39,"Female",1,NA,NA,NA,NA,NA,"",NA,"No Beard","Glasses"
"38","4/28/19 11:53","4/28/19 11:55",0,"67.249.158.145",100,117,1,"4/28/19 11:55","R_3QR9c4qT0eGFegQ",NA,NA,NA,NA,43.10609436,-75.2335968,"anonymous","EN",0,0,11.429,0,20,7,7,7,7,7,7,7,7,"He looked like a kid in college, probably the one who put up this survey. He reminded me of my sons, who are a bit younger but will be his age in a few years. He looked like a nice guy. Beautiful eyes, nice smile, and fun demeanor.",6,6,6,4,6,48,"Female",1,NA,NA,NA,NA,NA,"",NA,"Beard","No Glasses"
"39","4/28/19 11:54","4/28/19 11:56",0,"75.177.149.100",100,102,1,"4/28/19 11:56","R_2QWpJwaUchqfvH3",NA,NA,NA,NA,35.78019714,-78.48609924,"anonymous","EN",0,0,15.015,0,25,5,6,5,6,5,5,6,6,"This person seems genuine.",6,6,5,5,5,49,"Female",1,NA,NA,NA,NA,NA,"",NA,"Beard","No Glasses"
"40","4/28/19 11:55","4/28/19 11:56",0,"71.224.241.36",100,75,1,"4/28/19 11:56","R_12PBYzMUziidaSO",NA,NA,NA,NA,40.08999634,-75.03630066,"anonymous","EN",1.036,13.38,14.065,3,35,5,5,4,7,4,5,7,5,"he seem silly.",6,6,6,6,4,33,"Female",1,NA,NA,NA,NA,NA,"",NA,"No Beard","No Glasses"
"41","4/28/19 11:53","4/28/19 11:56",0,"67.167.245.220",100,205,1,"4/28/19 11:56","R_3oGYgwnIesctPdD",NA,NA,NA,NA,42.01069641,-87.66570282,"anonymous","EN",7.921,7.921,15.009,1,28,6,5,7,7,6,5,7,7,"The person seems to have a lot of self-assuredness in themself, and joy in their life. That smile is super genuine and playful, and their expressive face makes me trust them immediately. They look like someone who's very supportive and compassionate toward their loved ones. My impression was overwhelmingly positive!",6,7,6,7,6,23,"Female",1,NA,NA,NA,NA,NA,"",NA,"Beard","Glasses"
"42","4/28/19 11:52","4/28/19 11:56",0,"72.211.163.142",100,264,1,"4/28/19 11:56","R_2YGidr6Cl3YNMjr",NA,NA,NA,NA,33.53390503,-112.1722031,"anonymous","EN",0,0,15.12,0,21,5,5,6,6,5,5,6,6,"seemed like a fun person that doesn't take himself or life too seriously.",7,7,4,5,5,47,"Male",1,NA,NA,NA,NA,NA,"",NA,"Beard","No Glasses"
"43","4/28/19 11:54","4/28/19 11:56",0,"24.29.228.37",100,124,1,"4/28/19 11:56","R_1gUrbQQepqXNGLh",NA,NA,NA,NA,41.24029541,-82.60780334,"anonymous","EN",0,0,14.313,0,26,5,6,6,6,5,5,6,6,"Resembles a friend of mine.",6,6,6,5,5,28,"Male",1,NA,NA,NA,NA,NA,"",NA,"No Beard","Glasses"
"44","4/28/19 11:56","4/28/19 11:57",0,"72.95.14.58",100,74,1,"4/28/19 11:57","R_6xwxrh8PApfb0qt",NA,NA,NA,NA,40.17880249,-77.00469971,"anonymous","EN",0,0,12.017,0,22,1,3,6,6,4,4,6,4,"Nice guy",4,4,4,4,5,38,"Male",1,NA,NA,NA,NA,NA,"",NA,"No Beard","No Glasses"
"45","4/28/19 11:56","4/28/19 11:57",0,"68.55.239.196",100,100,1,"4/28/19 11:57","R_27p53J4UNnynMb1",NA,NA,NA,NA,42.65629578,-83.12310028,"anonymous","EN",0,0,11.279,0,22,4,4,5,5,4,4,6,4,"Had a snarky kinda smile, but I would've done that too.",6,6,5,5,5,52,"Male",1,NA,NA,NA,NA,NA,"",NA,"Beard","No Glasses"
"46","4/28/19 11:55","4/28/19 11:58",0,"72.191.11.188",100,144,1,"4/28/19 11:58","R_pg6crefImoaBRiV",NA,NA,NA,NA,29.41479492,-98.46009827,"anonymous","EN",4.521,11.977,15.108,2,22,5,5,5,5,5,5,5,5,"Happy!",6,6,6,6,6,48,"Female",1,NA,NA,NA,NA,NA,"",NA,"Beard","Glasses"
"47","4/28/19 11:56","4/28/19 11:58",0,"75.58.164.77",100,113,1,"4/28/19 11:58","R_3L7FV8AwfR5Llen",NA,NA,NA,NA,29.51820374,-98.36270142,"anonymous","EN",0,0,14.301,0,25,5,6,6,7,6,5,7,5,"He looked kind of like Seth Rogen",5,5,3,4,5,40,"Female",1,NA,NA,NA,NA,NA,"",NA,"Beard","Glasses"
"48","4/28/19 11:56","4/28/19 11:58",0,"66.24.15.109",100,114,1,"4/28/19 11:58","R_2aS9aUVDx0aF352",NA,NA,NA,NA,42.18049622,-76.83450317,"anonymous","EN",0,0,12.496,0,26,5,4,6,6,5,6,6,6,"I think it's a bit of a closeup photo so kind of unflattering. If it was taken a few inches further back, he would be really hot. ",7,7,6,5,5,23,"Female",1,NA,NA,NA,NA,NA,"",NA,"No Beard","No Glasses"
"49","4/28/19 11:57","4/28/19 11:59",0,"50.53.13.245",100,118,1,"4/28/19 11:59","R_32IOFwhz5G8TTYr",NA,NA,NA,NA,45.52209473,-122.8585052,"anonymous","EN",3.572,3.572,15.13,1,34,4,4,6,6,4,5,6,6,"He seemed happy and like a nice person.",5,5,4,5,5,36,"Female",1,NA,NA,NA,NA,NA,"",NA,"Beard","No Glasses"
"50","4/28/19 11:58","4/28/19 11:59",0,"75.38.182.192",100,92,1,"4/28/19 11:59","R_27HjPIzVQlYPdGd",NA,NA,NA,NA,42.56860352,-83.06680298,"anonymous","EN",0,0,11.983,0,28,6,5,7,7,4,3,4,5,"Seems like a friendly and happy guy.",6,6,6,5,5,33,"Male",1,NA,NA,NA,NA,NA,"",NA,"No Beard","No Glasses"
"51","4/28/19 11:58","4/28/19 12:00",0,"184.90.247.11",100,98,1,"4/28/19 12:00","R_1jKaHRvNf7JmUWh",NA,NA,NA,NA,28.49859619,-81.53530121,"anonymous","EN",0,0,13.34,0,26,2,5,5,4,5,4,4,5,"He seemed kind of nerdy.",5,5,5,3,3,30,"Male",1,NA,NA,NA,NA,NA,"",NA,"No Beard","Glasses"
"52","4/28/19 11:58","4/28/19 12:00",0,"73.223.55.94",100,143,1,"4/28/19 12:00","R_26gaY5HloFh1fWM",NA,NA,NA,NA,37.72009277,-122.4413986,"anonymous","EN",3.195,10.786,13.774,2,27,5,5,6,6,4,4,6,5,"He had a nice smile and seemed happy.",6,6,5,5,5,27,"Female",NA,NA,NA,1,NA,NA,"",NA,"Beard","No Glasses"
"53","4/28/19 11:57","4/28/19 12:00",0,"71.217.85.75",100,181,1,"4/28/19 12:00","R_2P82wkokvu4gwle",NA,NA,NA,NA,35.40370178,-78.542099,"anonymous","EN",0,0,12.398,0,22,4,5,6,7,5,4,7,4,"He was smiling big.  Seemed to enjoy life.  Had a scraggly beard starting which might indicate lack of attention to his appearance and perhaps lack of discipline.",5,6,3,2,2,60,"Male",1,NA,NA,NA,NA,NA,"",NA,"Beard","Glasses"
"54","4/28/19 11:57","4/28/19 12:01",0,"184.16.199.153",100,193,1,"4/28/19 12:01","R_1eKsHp6RZKrwcOK",NA,NA,NA,NA,41.23910522,-85.16770172,"anonymous","EN",0,0,15.01,0,33,7,7,7,7,7,7,7,7,"He seems friendly and funny and nice.",7,7,7,6,6,37,"Female",NA,NA,NA,1,NA,NA,"",NA,"Beard","Glasses"
"55","4/28/19 12:00","4/28/19 12:01",0,"96.240.23.164",100,67,1,"4/28/19 12:01","R_SNNMTKpSxlfDY4x",NA,NA,NA,NA,40.72419739,-74.1977005,"anonymous","EN",0,0,12.201,0,23,3,5,5,5,4,4,5,5,"n/a",3,3,3,5,5,22,"Female",1,NA,NA,NA,NA,NA,"",NA,"No Beard","Glasses"
"56","4/28/19 11:59","4/28/19 12:01",0,"131.93.158.122",100,81,1,"4/28/19 12:01","R_11azAfvchrD6WwV",NA,NA,NA,NA,46.46380615,-90.15879822,"anonymous","EN",0,0,11.764,0,25,2,5,3,4,5,5,5,3,"It was way close up.",5,4,3,5,4,28,"Female",1,NA,NA,NA,NA,NA,"",NA,"No Beard","Glasses"
"57","4/28/19 12:00","4/28/19 12:01",0,"67.204.142.123",100,85,1,"4/28/19 12:01","R_5BeWE9dO6toFZuh",NA,NA,NA,NA,44.27619934,-121.1847,"anonymous","EN",0,0,15.111,0,25,6,6,7,7,6,6,7,6,"happy",6,6,5,5,5,36,"Female",1,NA,NA,NA,NA,NA,"",NA,"Beard","No Glasses"
"58","4/28/19 11:59","4/28/19 12:01",0,"67.172.148.80",100,119,1,"4/28/19 12:01","R_2xESJncA72qEoi2",NA,NA,NA,NA,40.01420593,-105.2853012,"anonymous","EN",0,0,11.597,0,27,3,4,5,5,4,5,5,5,"pretty excited looking",5,5,5,4,2,21,"Male",1,NA,NA,NA,NA,NA,"",NA,"Beard","No Glasses"
"59","4/28/19 11:59","4/28/19 12:01",0,"173.130.188.224",100,116,1,"4/28/19 12:01","R_vB77JJ8gQIRudCp",NA,NA,NA,NA,28.77400208,-81.64389801,"anonymous","EN",0,0,13.477,0,29,4,5,5,6,4,4,4,5,"Seemed like a nice guy",5,6,5,5,5,48,"Male",NA,NA,NA,NA,NA,1,"Hispanic",NA,"No Beard","Glasses"
"60","4/28/19 12:00","4/28/19 12:02",0,"68.174.59.124",100,92,1,"4/28/19 12:02","R_YaYqwWFfaLTSHbH",NA,NA,NA,NA,42.19560242,-74.13379669,"anonymous","EN",0.793,0.793,15.007,1,30,6,6,6,6,6,6,6,6,"He has a beautiful smile that reaches his eyes.",6,6,5,5,5,26,"Female",1,NA,NA,NA,NA,NA,"",NA,"Beard","No Glasses"
"61","4/28/19 12:00","4/28/19 12:02",0,"70.44.106.168",100,128,1,"4/28/19 12:02","R_2Bo0hPxfuVWIftr",NA,NA,NA,NA,40.12219238,-76.7736969,"anonymous","EN",0,0,15.113,0,35,2,2,4,7,7,7,7,7,"he seems funnny outgoing happy go lucky",6,6,6,6,6,35,"Male",1,NA,NA,NA,NA,NA,"",NA,"Beard","No Glasses"
"62","4/28/19 12:00","4/28/19 12:02",0,"71.229.61.78",100,138,1,"4/28/19 12:02","R_u2GwlCaJhc42FX3",NA,NA,NA,NA,31.98899841,-81.09790039,"anonymous","EN",0,0,15.008,0,24,5,6,5,6,6,5,6,5,"seemed upbeat, ",5,6,4,6,6,60,"Male",1,NA,NA,NA,NA,NA,"",NA,"No Beard","Glasses"
"63","4/28/19 12:00","4/28/19 12:02",0,"47.34.155.174",100,100,1,"4/28/19 12:02","R_sRW37xCE5OA0h7H",NA,NA,NA,NA,34.55630493,-117.3527985,"anonymous","EN",0,0,13.997,0,22,1,5,5,7,5,5,7,4,"They seemed like a very happy individual. Very confident in taking a close up picture that big.",2,2,3,6,6,28,"Female",1,NA,NA,NA,NA,NA,"",NA,"No Beard","No Glasses"
"64","4/28/19 12:01","4/28/19 12:03",0,"192.154.226.22",100,85,1,"4/28/19 12:03","R_TpgGhx6Tp5JkUlr",NA,NA,NA,NA,32.84249878,-117.2483978,"anonymous","EN",0,0,15.661,0,30,6,6,5,5,5,4,4,5,"it was good impression",6,5,5,5,6,23,"Female",NA,NA,NA,1,NA,NA,"",NA,"Beard","No Glasses"
"65","4/28/19 12:01","4/28/19 12:03",0,"12.38.35.6",100,102,1,"4/28/19 12:03","R_1M19SKb9rVWKYJX",NA,NA,NA,NA,28.55149841,-81.30509949,"anonymous","EN",1.612,2.844,15.011,4,36,4,5,6,6,7,6,6,7,"The seem like a very competent individual and like to have fun when not occupied with responsibilities.",6,7,6,6,6,28,"Male",1,1,NA,NA,NA,1,"Mixed Race (White & Black)",NA,"No Beard","No Glasses"
"66","4/28/19 12:02","4/28/19 12:03",0,"73.172.118.51",100,97,1,"4/28/19 12:03","R_1guRNx13Sk2wJpQ",NA,NA,NA,NA,39.35209656,-76.56439972,"anonymous","EN",0,0,11.039,0,25,4,4,5,6,4,4,5,5,"Looks a lot like someone I know",6,5,4,5,6,56,"Male",1,NA,NA,NA,NA,NA,"",NA,"No Beard","Glasses"
"67","4/28/19 12:00","4/28/19 12:03",0,"71.94.255.159",100,175,1,"4/28/19 12:03","R_248jSCVAzEwpahm",NA,NA,NA,NA,43.01620483,-123.2850952,"anonymous","EN",1.309,14.437,15.01,5,22,4,6,7,7,6,4,7,4,"He needs a shave, or at least something to make his bread (facial hair) not look so scrubby.",5,5,4,5,7,68,"Female",1,NA,NA,NA,NA,NA,"",NA,"Beard","Glasses"
"68","4/28/19 12:01","4/28/19 12:03",0,"174.208.8.26",100,115,1,"4/28/19 12:03","R_xb9AAM44NWZlM1X",NA,NA,NA,NA,40.73109436,-111.8564987,"anonymous","EN",0,0,13.545,0,21,3,3,7,7,5,4,4,6,"They looked like a Disney or Pixar character, kind of goofy looking. They would be kind and happy, but unsure of competence.",7,6,5,5,5,32,"Male",1,NA,NA,NA,NA,NA,"",NA,"No Beard","Glasses"
"69","4/28/19 12:02","4/28/19 12:03",0,"107.77.208.33",100,80,1,"4/28/19 12:03","R_2Rb7Ir0uxkfezlU",NA,NA,NA,NA,41.84829712,-87.65170288,"anonymous","EN",5.727,9.29,11.08,3,27,4,5,4,5,4,5,5,5,"None",4,3,4,4,5,37,"Female",1,NA,NA,NA,NA,NA,"",NA,"Beard","Glasses"
"70","4/28/19 12:02","4/28/19 12:04",0,"24.154.173.185",100,93,1,"4/28/19 12:04","R_2S0vORWhQtr97Z9",NA,NA,NA,NA,40.6217041,-79.94309998,"anonymous","EN",0,0,11.753,0,29,3,4,5,5,4,4,3,4,"None",5,5,4,3,3,32,"Female",1,NA,NA,NA,NA,NA,"",NA,"Beard","No Glasses"
"71","4/28/19 12:01","4/28/19 12:04",0,"76.85.6.110",100,167,1,"4/28/19 12:04","R_3kh5YSZCSh8inup",NA,NA,NA,NA,32.85479736,-97.08190155,"anonymous","EN",13.185,14.367,15.011,2,30,4,5,5,6,4,4,5,6,"Fun",5,5,5,5,5,60,"Female",1,NA,NA,NA,NA,NA,"",NA,"Beard","Glasses"
"72","4/28/19 12:03","4/28/19 12:04",0,"108.35.35.108",100,65,1,"4/28/19 12:04","R_1PS2wvQIZJBZEFg",NA,NA,NA,NA,40.95480347,-73.96019745,"anonymous","EN",0,0,11.46,0,23,4,5,6,7,5,5,6,5,"Seems like a friendly guy!",6,6,5,5,6,33,"Male",NA,NA,NA,1,NA,NA,"",NA,"No Beard","No Glasses"
"73","4/28/19 12:02","4/28/19 12:04",0,"74.130.92.251",100,118,1,"4/28/19 12:04","R_1HeMipO8Im2VAQw",NA,NA,NA,NA,38.45680237,-85.66059875,"anonymous","EN",1.343,12.024,12.413,3,26,4,6,7,7,7,7,7,7,"Good facial structure , but personally not attracted ",6,6,6,3,6,20,"Male",1,NA,NA,NA,NA,NA,"",NA,"Beard","Glasses"
"74","4/28/19 12:02","4/28/19 12:04",0,"67.140.5.18",100,125,1,"4/28/19 12:04","R_2Seq19z8VbGucsC",NA,NA,NA,NA,37.09950256,-84.11309814,"anonymous","EN",0,0,15.008,0,27,4,4,5,6,4,4,5,5,"He looks like he has a goofy personality",5,5,4,5,5,26,"Female",1,NA,NA,NA,NA,NA,"",NA,"No Beard","No Glasses"
"75","4/28/19 12:02","4/28/19 12:04",0,"73.85.201.24",100,123,1,"4/28/19 12:04","R_2EnRVkWSEWQsojp",NA,NA,NA,NA,25.78460693,-80.23300171,"anonymous","EN",2.637,6.619,15.077,2,27,3,7,6,7,3,5,4,5,"Look like he very funny",5,4,3,6,6,37,"Female",NA,1,NA,NA,NA,NA,"",NA,"Beard","Glasses"
"76","4/28/19 12:03","4/28/19 12:05",0,"174.255.8.32",100,81,1,"4/28/19 12:05","R_6FPUiLDtV8BiVcl",NA,NA,NA,NA,37.75100708,-97.8219986,"anonymous","EN",0,0,13.189,0,19,2,6,5,5,4,5,5,5,"He looked very happy, and outgoing.",6,6,4,6,6,35,"Female",1,NA,NA,NA,NA,NA,"",NA,"Beard","Glasses"
"77","4/28/19 12:02","4/28/19 12:05",0,"74.194.232.152",100,136,1,"4/28/19 12:05","R_3mk0jS7XtVidY0R",NA,NA,NA,NA,33.6546936,-97.15830231,"anonymous","EN",0,0,15.11,0,27,2,4,5,6,4,5,3,6,"the photo was goofy will impress the ladies probably",4,5,4,3,4,35,"Male",1,NA,NA,NA,NA,NA,"",NA,"Beard","Glasses"
"78","4/28/19 12:03","4/28/19 12:05",0,"99.203.21.152",100,147,1,"4/28/19 12:05","R_1i2LprXt1szJ8YE",NA,NA,NA,NA,35.29159546,-80.82009888,"anonymous","EN",0,0,13.977,0,34,5,4,6,6,4,4,5,4,"Very happy and smiley, maybe a little crazy.",4,6,3,3,4,37,"Female",1,NA,NA,NA,NA,NA,"",NA,"No Beard","No Glasses"
"79","4/28/19 12:03","4/28/19 12:05",0,"73.143.198.81",100,136,1,"4/28/19 12:05","R_2ONI3BnvaOu6qVO",NA,NA,NA,NA,41.67390442,-70.19490051,"anonymous","EN",0,0,15.006,0,25,3,5,5,5,4,4,4,4,"he looks friendly and nice to be around",5,3,3,4,4,23,"Male",1,NA,NA,NA,NA,NA,"",NA,"Beard","Glasses"
"80","4/28/19 12:04","4/28/19 12:05",0,"172.58.139.117",100,71,1,"4/28/19 12:05","R_21bVkKqTYn8gDqT",NA,NA,NA,NA,41.84860229,-87.62879944,"anonymous","EN",0,0,13.458,0,20,3,3,4,4,4,3,3,4,"bad smile",3,3,2,6,7,33,"Male",1,NA,NA,NA,NA,NA,"",NA,"Beard","Glasses"
"81","4/28/19 12:04","4/28/19 12:05",0,"137.45.78.200",100,58,1,"4/28/19 12:05","R_2moLFAsEtHdedJ7",NA,NA,NA,NA,37.13870239,-80.54799652,"anonymous","EN",0,0,11.616,0,26,3,5,6,7,2,6,7,3,"none",5,5,5,6,6,20,"Female",1,NA,NA,NA,NA,NA,"",NA,"Beard","No Glasses"
"82","4/28/19 12:03","4/28/19 12:06",0,"68.192.14.157",100,135,1,"4/28/19 12:06","R_1djlby0Dhym1COq",NA,NA,NA,NA,41.13519287,-73.56839752,"anonymous","EN",5.772,10.835,10.884,2,24,7,7,7,7,7,7,7,7,"He looks like such a nice and funny guy.",7,7,7,6,7,27,"Female",1,NA,NA,NA,NA,NA,"",NA,"No Beard","Glasses"
"83","4/28/19 12:04","4/28/19 12:06",0,"71.187.159.212",100,79,1,"4/28/19 12:06","R_22SvrIUYM5Q1gof",NA,NA,NA,NA,40.61289978,-74.41600037,"anonymous","EN",0,0,11.629,0,21,6,6,6,7,5,5,7,5,"he looked nice and friendly",6,6,5,5,5,52,"Female",1,NA,NA,NA,NA,NA,"",NA,"No Beard","Glasses"
"84","4/28/19 12:04","4/28/19 12:06",0,"63.227.139.232",100,115,1,"4/28/19 12:06","R_10V5JhCdkEY3hXh",NA,NA,NA,NA,38.38699341,-104.7791977,"anonymous","EN",3.004,10.988,11.9,2,23,7,7,7,7,7,7,7,7,"Person looks Very happy",6,6,6,6,6,57,"Female",1,NA,NA,NA,NA,NA,"",NA,"No Beard","No Glasses"
"85","4/28/19 12:04","4/28/19 12:06",0,"206.128.229.245",100,127,1,"4/28/19 12:06","R_2uIpEVWwLfflGZF",NA,NA,NA,NA,28.90390015,-81.99690247,"anonymous","EN",0,0,15.111,0,28,5,6,5,6,6,5,5,5,"He seemed to be a happy person who is capable of having good times.",5,6,4,5,5,46,"Male",1,NA,NA,NA,NA,NA,"",NA,"Beard","Glasses"
"86","4/28/19 12:05","4/28/19 12:07",0,"66.67.2.26",100,116,1,"4/28/19 12:07","R_339lMIQvOsyuYrx",NA,NA,NA,NA,42.86369324,-76.99130249,"anonymous","EN",0,0,15.009,0,25,5,6,6,7,5,5,6,6,"He seems like he would be pretty welcoming and fun to hang out with",7,7,6,6,6,22,"Female",1,NA,NA,NA,NA,NA,"",NA,"No Beard","Glasses"
"87","4/28/19 12:03","4/28/19 12:07",0,"146.71.77.186",100,193,1,"4/28/19 12:07","R_puAoifvnjKPr3TH",NA,NA,NA,NA,34.19790649,-118.5371017,"anonymous","EN",0,0,15.006,0,29,6,6,5,5,6,6,5,5,"it was good impression",5,5,6,6,5,23,"Female",NA,NA,NA,1,NA,NA,"",NA,"Beard","No Glasses"
"88","4/28/19 12:05","4/28/19 12:07",0,"98.170.209.125",100,86,1,"4/28/19 12:07","R_1rOBOUxjzyuoO6W",NA,NA,NA,NA,30.51789856,-87.22530365,"anonymous","EN",8.256,11.629,12.856,2,23,4,5,6,6,5,5,5,6,"His nose is big",6,6,5,5,5,31,"Female",1,NA,NA,NA,NA,NA,"",NA,"No Beard","No Glasses"
"89","4/28/19 12:05","4/28/19 12:07",0,"73.155.33.211",100,95,1,"4/28/19 12:07","R_1OOn8TLngbnzP9A",NA,NA,NA,NA,29.69180298,-95.65260315,"anonymous","EN",3.151,11.726,12.182,15,27,6,4,4,6,4,4,4,4,"friendly",4,4,4,4,4,38,"Female",NA,1,NA,NA,NA,NA,"",NA,"Beard","No Glasses"
"90","4/28/19 12:05","4/28/19 12:07",0,"69.92.26.251",100,97,1,"4/28/19 12:07","R_2dgof8X511JcQkV",NA,NA,NA,NA,42.55819702,-114.4658966,"anonymous","EN",0,0,11.421,0,27,5,7,7,7,5,5,7,7,"He seems wise and appoarcable.",7,7,7,6,6,28,"Female",1,NA,NA,NA,NA,NA,"",NA,"No Beard","Glasses"
"91","4/28/19 12:05","4/28/19 12:07",0,"162.154.129.113",100,93,1,"4/28/19 12:07","R_1CcZSGEPiUN1oUh",NA,NA,NA,NA,41.10749817,-81.50060272,"anonymous","EN",0,0,14.333,0,25,6,5,5,6,4,5,5,5,"I thought he looked very happy and he was attractive.",6,6,5,5,7,25,"Female",1,NA,NA,NA,NA,NA,"",NA,"Beard","No Glasses"
"92","4/28/19 12:01","4/28/19 12:07",0,"69.207.210.156",100,361,1,"4/28/19 12:07","R_3oXGzpnEkG7i5rd",NA,NA,NA,NA,42.4624939,-75.04910278,"anonymous","EN",0,0,15.009,0,23,3,4,5,6,5,4,5,4,"they looked happy,a friendly person with a positive attitude",5,5,4,5,4,38,"Female",1,NA,NA,NA,NA,NA,"",NA,"No Beard","No Glasses"
"93","4/28/19 12:06","4/28/19 12:07",0,"98.25.37.174",100,81,1,"4/28/19 12:07","R_3fpj4KFEoj33exr",NA,NA,NA,NA,34.02470398,-80.95320129,"anonymous","EN",0,0,11.187,0,23,5,5,7,7,4,4,6,6,"He just seemed really happy",6,6,4,5,4,37,"Female",1,NA,NA,NA,NA,NA,"",NA,"Beard","No Glasses"
"94","4/28/19 12:05","4/28/19 12:08",0,"93.183.224.117",100,127,1,"4/28/19 12:08","R_6DxYHeeClul8qXv",NA,NA,NA,NA,49.06799316,33.4203949,"anonymous","EN",0,0,15.007,0,28,5,7,5,6,6,7,7,6,"N/A",6,7,7,5,6,31,"Male",1,NA,NA,NA,NA,NA,"",NA,"Beard","Glasses"
"95","4/28/19 12:01","4/28/19 12:08",0,"196.19.157.76",100,423,1,"4/28/19 12:08","R_Om6pzQXlSiil78t",NA,NA,NA,NA,39.09970093,-94.57859802,"anonymous","EN",0,0,15.008,0,25,7,5,5,7,6,6,7,7,"nice person",6,7,7,5,5,28,"Male",1,NA,NA,NA,NA,NA,"",NA,"No Beard","No Glasses"
"96","4/28/19 12:06","4/28/19 12:08",0,"146.71.77.192",100,115,1,"4/28/19 12:08","R_T8a2dwuGgoPxfVL",NA,NA,NA,NA,34.19790649,-118.5371017,"anonymous","EN",0,0,15.107,0,25,7,7,7,7,7,7,7,7,"nice",6,6,6,6,6,25,"Female",NA,NA,NA,1,NA,NA,"",NA,"No Beard","Glasses"
"97","4/28/19 12:06","4/28/19 12:08",0,"173.28.111.60",100,121,1,"4/28/19 12:08","R_3Gljz3XKKNndGwF",NA,NA,NA,NA,41.12249756,-88.83070374,"anonymous","EN",0,0,15.007,0,27,2,5,6,6,3,5,6,3,"He seemed a little weird",2,2,1,6,7,29,"Male",1,NA,NA,NA,NA,NA,"",NA,"No Beard","Glasses"
"98","4/28/19 12:08","4/28/19 12:09",0,"65.96.120.195",100,59,1,"4/28/19 12:09","R_VQYM2cftESaxnb3",NA,NA,NA,NA,41.68670654,-72.790802,"anonymous","EN",3.459,9.62,15.154,3,26,5,4,3,3,4,3,4,4,"Average white guy",4,5,4,4,4,22,"Male",NA,NA,NA,1,NA,NA,"",NA,"No Beard","Glasses"
"99","4/28/19 12:08","4/28/19 12:09",0,"174.193.159.34",100,62,1,"4/28/19 12:09","R_3CBeaXoLfDXIHta",NA,NA,NA,NA,35.21369934,-81.12200165,"anonymous","EN",0.925,6.051,11.043,5,28,3,4,6,7,5,4,5,5,"No w",5,4,3,7,6,29,"Female",1,NA,NA,NA,NA,NA,"",NA,"No Beard","No Glasses"
"100","4/28/19 12:07","4/28/19 12:09",0,"68.41.229.67",100,124,1,"4/28/19 12:09","R_ApyRNhrrCcuPx8B",NA,NA,NA,NA,42.92849731,-83.6332016,"anonymous","EN",7.474,7.474,15.025,1,27,6,5,6,7,4,4,6,6,"Happy",5,5,4,3,5,31,"Female",1,NA,NA,NA,NA,NA,"",NA,"Beard","No Glasses"
"101","4/28/19 12:07","4/28/19 12:09",0,"97.120.23.18",100,105,1,"4/28/19 12:09","R_aVStO2yVxXe0n7j",NA,NA,NA,NA,45.56530762,-122.6447983,"anonymous","EN",0,0,15.108,0,25,4,3,3,5,3,3,5,3,"fratty",5,5,3,3,4,39,"Male",1,NA,NA,NA,NA,NA,"",NA,"No Beard","Glasses"
"102","4/28/19 12:06","4/28/19 12:09",0,"196.17.250.101",100,170,1,"4/28/19 12:09","R_3KBM8acAcuBmogQ",NA,NA,NA,NA,39.09970093,-94.57859802,"anonymous","EN",0,0,15.091,0,30,7,6,2,5,2,5,2,6,"he is smile beautiful",6,3,6,6,5,54,"Female",1,NA,NA,NA,NA,NA,"",NA,"Beard","Glasses"
"103","4/28/19 12:07","4/28/19 12:09",0,"72.190.169.179",100,126,1,"4/28/19 12:09","R_1g89A86QvmygzeT",NA,NA,NA,NA,29.55839539,-98.74349976,"anonymous","EN",0,0,13.757,0,28,4,4,5,6,4,5,6,5,"Goofy photo",1,5,4,6,5,25,"Male",1,NA,NA,NA,NA,NA,"",NA,"Beard","No Glasses"
"104","4/28/19 12:08","4/28/19 12:09",0,"47.232.243.198",100,75,1,"4/28/19 12:09","R_83cA6hfqCwjg1ln",NA,NA,NA,NA,34.13789368,-118.259903,"anonymous","EN",0.461,0.461,15.007,1,24,5,5,6,6,5,5,6,6,"They seemed like they may be gay.",6,6,6,6,5,29,"Female",1,NA,NA,NA,NA,NA,"",NA,"No Beard","Glasses"
"105","4/28/19 12:03","4/28/19 12:09",0,"174.17.73.117",100,395,1,"4/28/19 12:09","R_1lsEzgMydbstquW",NA,NA,NA,NA,33.39079285,-111.9184036,"anonymous","EN",4.987,4.987,15.013,1,29,4,4,4,4,4,4,4,4,"He appeared to be happy or in a good mood.",4,4,4,4,4,25,"Male",1,NA,NA,NA,NA,NA,"",NA,"Beard","No Glasses"
"106","4/28/19 12:07","4/28/19 12:10",0,"174.101.89.160",100,173,1,"4/28/19 12:10","R_1N9QdkkjPtMWqoq",NA,NA,NA,NA,39.93659973,-83.18379974,"anonymous","EN",0,0,13.587,0,27,5,4,5,6,4,5,7,4,"He looks very outgoing and enthusiastic, probably talks a lot and knows a lot of people but isn't a very hard worker as he probably socializes more than works at his job.",5,3,2,6,5,37,"Female",1,NA,NA,NA,NA,NA,"",NA,"Beard","No Glasses"
"107","4/28/19 12:08","4/28/19 12:10",0,"68.38.239.206",100,125,1,"4/28/19 12:10","R_WfGcHOpV29dN3K9",NA,NA,NA,NA,40.06170654,-86.05549622,"anonymous","EN",4.716,4.716,15.108,1,33,6,6,6,7,5,5,7,6,"seems very nice and warm",6,6,6,6,5,33,"Female",1,NA,NA,NA,NA,NA,"",NA,"Beard","No Glasses"
"108","4/28/19 12:08","4/28/19 12:10",0,"99.173.132.203",100,107,1,"4/28/19 12:10","R_1JIxzoybolk8VFd",NA,NA,NA,NA,35.91529846,-79.03859711,"anonymous","EN",0,0,15.112,0,24,3,5,6,6,6,5,6,5,"goofy and happy",6,6,5,4,3,28,"Female",1,NA,NA,NA,NA,NA,"",NA,"Beard","No Glasses"
"109","4/28/19 12:08","4/28/19 12:10",0,"74.104.191.22",100,95,1,"4/28/19 12:10","R_1r1YbYCZg5rXurm",NA,NA,NA,NA,42.58189392,-71.09470367,"anonymous","EN",0,0,15.022,0,28,5,4,6,6,4,4,6,4,"happy friendly person",5,5,4,3,4,46,"Female",1,NA,NA,NA,NA,NA,"",NA,"No Beard","Glasses"
"110","4/28/19 12:08","4/28/19 12:10",0,"73.11.165.26",100,160,1,"4/28/19 12:10","R_3DuoUBaNrtPpQvi",NA,NA,NA,NA,47.72290039,-122.1960983,"anonymous","EN",5.496,7.045,15.013,3,24,5,4,6,6,5,5,5,6,"He was interested",6,6,6,5,6,26,"Male",1,NA,NA,NA,NA,NA,"",NA,"Beard","Glasses"
"111","4/28/19 12:09","4/28/19 12:10",0,"172.56.10.69",100,101,1,"4/28/19 12:10","R_2RPqcujfkpYE9gt",NA,NA,NA,NA,42.39590454,-83.14109802,"anonymous","EN",0,0,11.694,0,25,3,3,4,4,4,4,4,4,"Seemed happy",6,6,6,7,7,38,"Female",NA,1,NA,NA,NA,NA,"",NA,"No Beard","Glasses"
"112","4/28/19 12:08","4/28/19 12:11",0,"73.36.37.162",100,131,1,"4/28/19 12:11","R_27WqRcpSL2I6tc0",NA,NA,NA,NA,41.46150208,-88.2786026,"anonymous","EN",0,0,15.007,0,30,4,6,6,5,6,6,5,5,"He looked like a happy individual.",6,6,5,5,5,30,"Male",1,NA,NA,NA,NA,NA,"",NA,"No Beard","Glasses"
"113","4/28/19 12:08","4/28/19 12:11",0,"99.183.225.148",100,127,1,"4/28/19 12:11","R_BX1fx0Pp7yoUzS1",NA,NA,NA,NA,42.55799866,-82.9980011,"anonymous","EN",7.268,11.046,11.966,2,23,5,5,6,6,5,5,7,5,"Happy",5,4,4,3,4,53,"Female",1,NA,NA,NA,NA,NA,"",NA,"Beard","No Glasses"
"114","4/28/19 12:09","4/28/19 12:11",0,"99.168.122.72",100,122,1,"4/28/19 12:11","R_u9esaRfcihkQDw5",NA,NA,NA,NA,28.54640198,-81.25849915,"anonymous","EN",0,0,15.024,0,36,3,5,7,7,4,4,7,6,"funny looking",6,6,6,6,4,49,"Male",1,NA,NA,NA,NA,NA,"",NA,"Beard","No Glasses"
"115","4/28/19 12:10","4/28/19 12:11",0,"75.120.1.248",100,101,1,"4/28/19 12:11","R_24pbbmAQV7dLb64",NA,NA,NA,NA,33.52960205,-86.30069733,"anonymous","EN",0,0,15.008,0,24,4,5,5,6,4,4,6,5,"Looked like a college student",4,4,4,5,6,21,"Female",1,NA,NA,NA,NA,NA,"",NA,"No Beard","Glasses"
"116","4/28/19 12:10","4/28/19 12:11",0,"24.96.234.72",100,93,1,"4/28/19 12:11","R_3CGUNJnOUdXZ7IC",NA,NA,NA,NA,28.03030396,-82.78160095,"anonymous","EN",0,0,15.106,0,26,5,4,5,6,4,4,5,5,"outgoing, fun",5,5,4,4,5,43,"Female",1,1,NA,NA,NA,NA,"",NA,"Beard","No Glasses"
"117","4/28/19 12:10","4/28/19 12:12",0,"114.134.184.233",100,79,1,"4/28/19 12:12","R_2yqR81c5RhwALxq",NA,NA,NA,NA,11.55830383,104.9121094,"anonymous","EN",3.35,3.35,15.128,1,31,5,4,5,5,4,4,5,4,"none",2,3,3,5,4,37,"Male",1,NA,NA,NA,NA,NA,"",NA,"Beard","Glasses"
"118","4/28/19 12:10","4/28/19 12:12",0,"74.65.52.160",100,126,1,"4/28/19 12:12","R_1mk0KCfn6PwxhAH",NA,NA,NA,NA,43.23980713,-78.20680237,"anonymous","EN",0,0,15.008,0,22,5,5,7,7,6,5,6,6,"He just looks like a happy person that loves life.",7,6,5,5,5,49,"Male",1,NA,NA,NA,NA,NA,"",NA,"No Beard","No Glasses"
"119","4/28/19 12:11","4/28/19 12:13",0,"104.220.36.25",100,151,1,"4/28/19 12:13","R_3NUpIY1GCDdcI3A",NA,NA,NA,NA,37.91819763,-122.071701,"anonymous","EN",0,0,12.713,0,21,5,5,6,6,5,4,6,5,"He seemed to have a good disposition. There was a sparkle in his eye.",5,6,3,4,4,76,"Male",1,NA,NA,NA,NA,NA,"",NA,"No Beard","Glasses"
"120","4/28/19 12:11","4/28/19 12:13",0,"146.71.76.70",100,171,1,"4/28/19 12:13","R_6mvq1shISSZ12wh",NA,NA,NA,NA,37.75100708,-97.8219986,"anonymous","EN",0,0,15.011,0,27,7,7,7,7,7,7,7,7,"nice",6,6,6,6,6,25,"Female",NA,NA,NA,1,NA,NA,"",NA,"Beard","No Glasses"
"121","4/28/19 12:12","4/28/19 12:14",0,"24.117.13.131",100,109,1,"4/28/19 12:14","R_3D0G3nzzQffkVgI",NA,NA,NA,NA,44.04159546,-116.978302,"anonymous","EN",0,0,11.769,0,29,3,3,3,4,3,3,4,4,"I thought he looked like seth rogen",3,3,3,5,5,33,"Male",NA,NA,1,NA,NA,NA,"",NA,"Beard","Glasses"
"122","4/28/19 12:11","4/28/19 12:14",0,"107.172.249.171",100,161,1,"4/28/19 12:14","R_2Y49Htqq0uXuIul",NA,NA,NA,NA,39.59289551,-75.65149689,"anonymous","EN",0,0,12.633,0,39,3,4,4,5,5,3,3,5,"He just wear specs in that photo and also he was smiling.",3,4,5,3,4,24,"Male",1,NA,NA,NA,NA,NA,"",NA,"No Beard","Glasses"
"123","4/28/19 12:10","4/28/19 12:14",0,"146.71.76.13",100,233,1,"4/28/19 12:14","R_XIgD2M5VdiPdtf3",NA,NA,NA,NA,37.75100708,-97.8219986,"anonymous","EN",0,0,15.015,0,40,4,6,6,5,6,5,6,5,"Handsome",5,6,5,5,6,25,"Female",NA,NA,NA,1,NA,NA,"",NA,"No Beard","Glasses"
"124","4/28/19 12:12","4/28/19 12:14",0,"75.186.5.239",100,123,1,"4/28/19 12:14","R_30xfGBix8QYMHho",NA,NA,NA,NA,39.8769989,-84.33190155,"anonymous","EN",0,0,11.566,0,32,5,5,7,7,5,7,5,7,"He's very handsome and probably super fun to be around.",7,7,6,7,7,30,"Female",1,NA,NA,NA,NA,NA,"",NA,"Beard","Glasses"
"125","4/28/19 12:11","4/28/19 12:15",0,"146.71.77.78",100,216,1,"4/28/19 12:15","R_299MOAH9GKEPBqq",NA,NA,NA,NA,34.19790649,-118.5371017,"anonymous","EN",0,0,15.007,0,31,5,6,6,7,5,6,6,6,"he is looking very smart",6,5,6,7,6,24,"Female",1,NA,NA,NA,NA,NA,"",NA,"Beard","No Glasses"
"126","4/28/19 12:13","4/28/19 12:15",0,"172.113.244.96",100,132,1,"4/28/19 12:15","R_3hiQGc47aqa68ak",NA,NA,NA,NA,34.06480408,-118.4413986,"anonymous","EN",0,0,15.208,0,28,4,4,5,6,5,5,6,6,"He seems to be extremely happy in the photo. I would gather he comes from a loving, well-off family.  Likely a college graduate and has a decent job.",5,5,4,5,5,44,"Male",1,NA,NA,NA,NA,NA,"",NA,"Beard","No Glasses"
"127","4/28/19 12:13","4/28/19 12:15",0,"73.209.53.82",100,122,1,"4/28/19 12:15","R_2sWTxOTH8DEJHSu",NA,NA,NA,NA,42.04690552,-88.10510254,"anonymous","EN",0,0,13.314,0,40,3,5,5,5,4,5,5,5,"none",6,6,4,5,4,45,"Female",1,NA,NA,NA,NA,NA,"",NA,"No Beard","Glasses"
"128","4/28/19 12:12","4/28/19 12:16",0,"71.235.67.167",100,244,1,"4/28/19 12:16","R_2U9ggtshWuVo7x0",NA,NA,NA,NA,41.831604,-72.72489929,"anonymous","EN",0,0,11.777,0,30,4,4,4,7,4,4,7,4,"I thought that the individual appears to have  a great sense of humor",4,5,4,5,5,52,"Male",NA,1,NA,NA,NA,NA,"",NA,"No Beard","No Glasses"
"129","4/28/19 12:11","4/28/19 12:16",0,"35.143.139.93",100,316,1,"4/28/19 12:16","R_2Yysz0nkGLOO6JK",NA,NA,NA,NA,27.80439758,-82.27590179,"anonymous","EN",5.504,5.504,13.103,1,28,3,4,4,4,4,4,5,4,"Seems like a laid back kind of person.",5,5,4,4,4,41,"Female",NA,NA,NA,1,NA,NA,"",NA,"Beard","No Glasses"
"130","4/28/19 12:14","4/28/19 12:16",0,"72.12.208.69",100,129,1,"4/28/19 12:16","R_3NwWP8czLRQHtSP",NA,NA,NA,NA,40.42759705,-86.87349701,"anonymous","EN",0,0,15.109,0,34,5,5,5,5,5,5,5,5,"He looked a fun person.",5,5,3,5,3,37,"Female",NA,NA,NA,1,NA,NA,"",NA,"Beard","Glasses"
"131","4/28/19 12:16","4/28/19 12:18",0,"75.105.72.242",100,102,1,"4/28/19 12:18","R_2zuwOytsMcSnxbe",NA,NA,NA,NA,28.75250244,-97.03379822,"anonymous","EN",0,0,13.227,0,31,3,4,4,5,4,4,4,4,"He seemed like he had a big smile or he was laughing at something.",5,5,4,4,5,34,"Male",1,NA,NA,NA,NA,NA,"",NA,"No Beard","Glasses"
"132","4/28/19 12:12","4/28/19 12:18",0,"99.150.227.99",100,369,1,"4/28/19 12:18","R_2v2o6RNyIIdaxzZ",NA,NA,NA,NA,35.76139832,-78.60150146,"anonymous","EN",1.401,1.401,15.013,1,30,5,5,6,6,6,6,6,6,"HE HAD A SMILE THAT MAKES HIM LOOK TRUSTWORTHY",6,6,6,7,6,41,"Male",1,NA,NA,NA,NA,NA,"",NA,"No Beard","No Glasses"
"133","4/28/19 12:18","4/28/19 12:19",0,"24.17.34.163",100,70,1,"4/28/19 12:19","R_2xWsR6EOU9tfaOO",NA,NA,NA,NA,47.39570618,-122.3036041,"anonymous","EN",0,0,11.516,0,24,5,4,5,5,5,4,4,4,"I like the glasses.",4,4,4,5,5,29,"Male",1,NA,NA,NA,NA,NA,"",NA,"Beard","Glasses"
"134","4/28/19 12:18","4/28/19 12:19",0,"73.189.99.27",100,79,1,"4/28/19 12:19","R_3EEbXeBh3QVUAZz",NA,NA,NA,NA,37.79060364,-122.2411957,"anonymous","EN",11.584,11.584,11.892,1,22,1,1,1,1,1,1,1,1,"He looks like a person.",4,4,4,4,4,32,"Female",NA,NA,NA,NA,1,NA,"",NA,"Beard","No Glasses"
"135","4/28/19 12:17","4/28/19 12:20",0,"68.103.189.34",100,149,1,"4/28/19 12:20","R_2XaPwUrhbwyJOev",NA,NA,NA,NA,39.02990723,-96.83959961,"anonymous","EN",0,0,15.01,0,30,5,5,5,6,6,6,6,6,"He looks tiered and the smile seemed a little forced not genuine.",6,6,6,6,6,31,"Female",1,NA,NA,NA,NA,NA,"",NA,"No Beard","No Glasses"
"136","4/28/19 12:19","4/28/19 12:20",0,"70.160.245.27",100,88,1,"4/28/19 12:20","R_UucmwO3Yfz0hrpf",NA,NA,NA,NA,37.31970215,-76.76249695,"anonymous","EN",0,0,15.107,0,27,2,6,7,7,6,5,4,5,"Goofy",5,4,5,5,5,34,"Male",1,NA,NA,NA,NA,NA,"",NA,"No Beard","Glasses"
"137","4/28/19 12:20","4/28/19 12:21",0,"162.220.151.109",100,79,1,"4/28/19 12:21","R_zS8BF5KmimKnfdn",NA,NA,NA,NA,31.72160339,-110.058403,"anonymous","EN",0.6,0.6,11.682,1,22,6,6,6,7,6,6,7,6,"He looked like he would be fun to be around",6,6,4,5,5,30,"Female",1,NA,NA,NA,NA,NA,"",NA,"No Beard","No Glasses"
"138","4/28/19 12:20","4/28/19 12:22",0,"209.182.216.218",100,109,1,"4/28/19 12:22","R_3KVk149XXz5ddfF",NA,NA,NA,NA,37.75100708,-97.8219986,"anonymous","EN",0,0,14.395,0,33,5,6,5,6,7,7,6,6,"he is looking smart",6,6,7,6,7,24,"Female",1,NA,NA,NA,NA,NA,"",NA,"Beard","Glasses"
"139","4/28/19 12:21","4/28/19 12:22",0,"67.2.42.247",100,65,1,"4/28/19 12:22","R_CaiYJfjiopBv1Wp",NA,NA,NA,NA,40.70370483,-111.8094025,"anonymous","EN",0,0,15.083,0,26,6,6,7,7,6,6,7,6,"Seems like a nice guy",5,6,5,5,6,38,"Male",1,NA,NA,NA,NA,NA,"",NA,"Beard","No Glasses"
"140","4/28/19 12:21","4/28/19 12:23",0,"71.76.0.71",100,117,1,"4/28/19 12:23","R_50GESWLNn2XjKLL",NA,NA,NA,NA,33.91329956,-80.35870361,"anonymous","EN",0,0,15.008,0,33,6,6,6,6,5,5,6,6,"i like the glasses and smile. He had kind eyes",6,6,6,4,5,61,"Male",1,NA,NA,NA,NA,NA,"",NA,"Beard","Glasses"
"141","4/28/19 12:21","4/28/19 12:23",0,"24.140.120.31",100,144,1,"4/28/19 12:23","R_OyghlLXPogbf1aV",NA,NA,NA,NA,40.81159973,-81.49729919,"anonymous","EN",0,0,15.008,0,28,5,5,7,7,5,5,6,6,"none",7,7,7,6,7,27,"Male",NA,1,NA,NA,NA,NA,"",NA,"No Beard","No Glasses"
"142","4/28/19 12:22","4/28/19 12:23",0,"108.195.180.216",100,113,1,"4/28/19 12:24","R_QnNPCG5mdNv8oBX",NA,NA,NA,NA,30.41319275,-87.313797,"anonymous","EN",0,0,15.119,0,20,6,5,6,6,4,5,6,5,"goofy hair",5,5,4,5,5,50,"Male",1,NA,NA,NA,NA,NA,"",NA,"No Beard","No Glasses"
"143","4/28/19 12:23","4/28/19 12:24",0,"74.65.125.188",100,78,1,"4/28/19 12:24","R_2fdiIojULN9VSkz",NA,NA,NA,NA,42.34370422,-76.83959961,"anonymous","EN",8.586,8.586,10.872,1,24,1,1,7,6,2,5,3,4,"He looks like Seth Rogen.",2,3,1,5,5,25,"Male",NA,NA,NA,NA,NA,1,"Latino",NA,"Beard","Glasses"
"144","4/28/19 12:23","4/28/19 12:24",0,"71.183.48.33",100,66,1,"4/28/19 12:24","R_26hFDNTwk1CQWsZ",NA,NA,NA,NA,40.57389832,-73.84100342,"anonymous","EN",0,0,10.979,0,24,5,4,6,6,3,5,6,5,"I thought he looked confident and happy in that photo",5,6,5,4,5,23,"Male",NA,NA,NA,1,NA,NA,"",NA,"No Beard","No Glasses"
"145","4/28/19 12:23","4/28/19 12:25",0,"208.102.68.165",100,127,1,"4/28/19 12:25","R_1FrfpwQ1aZdTp1x",NA,NA,NA,NA,39.40249634,-84.52200317,"anonymous","EN",11.555,11.555,15.014,1,25,3,5,6,6,4,4,4,5,"I have nothing to add.",5,5,3,3,5,42,"Female",1,NA,NA,NA,NA,NA,"",NA,"No Beard","Glasses"
"146","4/28/19 12:22","4/28/19 12:25",0,"68.100.238.115",100,136,1,"4/28/19 12:25","R_C7gwOcwhWoD5hZf",NA,NA,NA,NA,38.78179932,-77.38179779,"anonymous","EN",0,0,11.017,0,25,5,6,5,6,5,5,6,5,"Overall, my first impression of this person is good. He looks like a cool guy.",6,6,5,5,5,29,"Male",1,NA,NA,NA,NA,NA,"",NA,"Beard","No Glasses"
"147","4/28/19 12:23","4/28/19 12:25",0,"98.167.4.179",100,110,1,"4/28/19 12:25","R_2ByXPM7RlO5bZp3",NA,NA,NA,NA,36.01190186,-115.0432968,"anonymous","EN",0,0,12.818,0,19,4,5,3,6,5,5,7,2,"His hairstyle indicated he wanted people to pay attention to him.  His large smile seemed very gregarious.",6,6,3,6,5,51,"Male",1,NA,NA,NA,NA,NA,"",NA,"No Beard","Glasses"
"148","4/28/19 12:23","4/28/19 12:25",0,"159.117.176.189",100,100,1,"4/28/19 12:25","R_2SvEh77PGolr6wc",NA,NA,NA,NA,33.71960449,-78.97540283,"anonymous","EN",0,0,12.697,0,23,4,5,7,7,5,5,7,6,"Seems like a nice, pleasant college kid/young adult.",7,7,5,5,6,55,"Female",1,NA,NA,NA,NA,NA,"",NA,"No Beard","No Glasses"
"149","4/28/19 12:24","4/28/19 12:25",0,"104.5.188.224",100,69,1,"4/28/19 12:25","R_OJMSHFlFwDBQjYZ",NA,NA,NA,NA,30.66969299,-81.46260071,"anonymous","EN",0,0,11.556,0,29,6,7,7,7,6,6,7,7,"He seems like a very happy, nice person.",7,7,6,5,5,38,"Female",1,NA,NA,NA,NA,NA,"",NA,"Beard","Glasses"
"150","4/28/19 12:23","4/28/19 12:25",0,"96.33.69.139",100,142,1,"4/28/19 12:25","R_3qgnuQac33pkJNM",NA,NA,NA,NA,34.89660645,-82.26889801,"anonymous","EN",9.278,9.278,15.014,1,38,2,5,5,6,4,4,6,5,"He needs to shave and his haircut does not match the shape of his face. He also appears to not get enough sleep.",5,3,2,5,6,42,"Male",1,NA,NA,NA,NA,NA,"",NA,"Beard","No Glasses"
"151","4/28/19 12:24","4/28/19 12:26",0,"32.211.159.33",100,125,1,"4/28/19 12:26","R_1BRtkHnb4FJ0YyF",NA,NA,NA,NA,41.71490479,-72.21340179,"anonymous","EN",15.062,15.062,15.113,1,33,2,4,4,5,4,4,4,5,"The smile made him appear friendly.",4,4,4,5,5,47,"Female",NA,1,NA,NA,NA,NA,"",NA,"Beard","Glasses"
"152","4/28/19 12:20","4/28/19 12:26",0,"24.229.183.111",100,354,1,"4/28/19 12:26","R_32LwSQLangE3dwL",NA,NA,NA,NA,40.65679932,-75.3911972,"anonymous","EN",2.435,8.492,15.047,2,24,4,3,5,5,4,4,5,4,"Regular person",4,5,4,4,4,31,"Male",NA,NA,NA,1,NA,NA,"",NA,"No Beard","No Glasses"
"153","4/28/19 12:26","4/28/19 12:27",0,"129.174.182.35",100,66,1,"4/28/19 12:27","R_RCfm2ZJ06fWndzH",NA,NA,NA,NA,38.84759521,-77.32810211,"anonymous","EN",0,0,13.367,0,24,3,5,5,5,3,4,4,4,"Awkward smile",4,4,4,4,4,18,"Male",1,NA,NA,NA,NA,NA,"",NA,"No Beard","No Glasses"
"154","4/28/19 12:26","4/28/19 12:27",0,"74.243.188.32",100,103,1,"4/28/19 12:27","R_3CVE0GkuJ38qmYK",NA,NA,NA,NA,35.35960388,-82.4265976,"anonymous","EN",3.34,9.321,11.9,2,25,4,5,5,6,5,4,5,4,"none",3,3,2,4,5,70,"Male",1,NA,NA,NA,NA,NA,"",NA,"Beard","Glasses"
"155","4/28/19 12:25","4/28/19 12:28",0,"73.73.216.186",100,161,1,"4/28/19 12:28","R_2TH0kXkVwg9tqeS",NA,NA,NA,NA,41.79200745,-88.16600037,"anonymous","EN",5.468,6.944,15.14,2,25,7,7,7,7,7,7,7,7,"The person looks really happy and easy-going.",7,7,6,6,5,45,"Female",NA,NA,NA,1,NA,NA,"",NA,"Beard","Glasses"
"156","4/28/19 12:26","4/28/19 12:28",0,"108.64.192.39",100,163,1,"4/28/19 12:28","R_RxlJeA0hQC5g4rT",NA,NA,NA,NA,32.85450745,-97.1359024,"anonymous","EN",0,0,15.01,0,24,5,4,4,5,4,4,4,4,"Just that of a smiling young person, I can't tell much about a person just looking at a picture",4,4,4,2,3,60,"Female",1,NA,NA,NA,NA,NA,"",NA,"Beard","No Glasses"
"157","4/28/19 12:26","4/28/19 12:28",0,"24.198.202.224",100,145,1,"4/28/19 12:28","R_31A5XATESdrCl4I",NA,NA,NA,NA,42.07290649,-76.80370331,"anonymous","EN",5.774,5.774,15.008,1,20,5,4,6,7,6,5,5,5,"He looked like a genuinely good guy. He had an easy smile, very open. His eyes smiled as well. ",5,6,5,6,6,53,"Female",1,NA,NA,NA,NA,NA,"",NA,"No Beard","No Glasses"
"158","4/28/19 12:17","4/28/19 12:29",0,"174.99.117.195",100,680,1,"4/28/19 12:29","R_22ztHrQPxjh781o",NA,NA,NA,NA,35.89639282,-78.71150208,"anonymous","EN",0,0,15.155,0,30,4,4,6,6,5,4,6,6,"none",3,3,3,5,4,44,"Female",NA,1,NA,NA,NA,NA,"",NA,"No Beard","No Glasses"
"159","4/28/19 12:27","4/28/19 12:29",0,"99.203.120.78",100,97,1,"4/28/19 12:29","R_3m8BBwgrgzbyqgP",NA,NA,NA,NA,42.39120483,-71.08820343,"anonymous","EN",0,0,13.184,0,21,4,5,6,6,5,5,4,5,"None",5,3,3,5,5,27,"Female",1,NA,NA,NA,NA,NA,"",NA,"Beard","Glasses"
"160","4/28/19 12:27","4/28/19 12:29",0,"75.90.243.231",100,102,1,"4/28/19 12:29","R_Owj5iFrgXlvumNb",NA,NA,NA,NA,33.45809937,-83.0802002,"anonymous","EN",0,0,12.287,0,23,4,5,5,5,5,5,6,5,"Big smile",4,4,4,4,4,24,"Male",1,NA,NA,NA,NA,NA,"",NA,"Beard","No Glasses"
"161","4/28/19 12:26","4/28/19 12:30",0,"68.81.73.99",100,205,1,"4/28/19 12:30","R_3EX6fyD9dG9x2iG",NA,NA,NA,NA,40.03450012,-75.11930084,"anonymous","EN",0,0,15.01,0,28,7,7,7,6,7,7,7,5,"hes handsome
",6,5,6,5,5,19,"Female",1,NA,NA,NA,NA,NA,"",NA,"Beard","Glasses"
"162","4/28/19 12:28","4/28/19 12:30",0,"174.50.136.109",100,138,1,"4/28/19 12:30","R_1DIHxZ0GQHCqm1X",NA,NA,NA,NA,38.664505,-121.4869995,"anonymous","EN",8.444,10.444,12.027,2,30,5,7,6,7,6,6,7,5,"He looks happy",6,6,6,6,6,35,"Female",1,NA,NA,NA,NA,NA,"",NA,"No Beard","Glasses"
"163","4/28/19 12:28","4/28/19 12:30",0,"99.196.3.42",100,109,1,"4/28/19 12:30","R_py1lEgRnxOV2YyR",NA,NA,NA,NA,37.75100708,-97.8219986,"anonymous","EN",0,0,11.942,0,27,6,6,7,7,6,6,7,6,"He seems like a friendly, outgoing person",6,6,6,6,6,24,"Female",1,NA,NA,NA,NA,NA,"",NA,"No Beard","No Glasses"
"164","4/28/19 12:28","4/28/19 12:31",0,"108.90.96.219",100,172,1,"4/28/19 12:31","R_2QnWDje6qaiHEJN",NA,NA,NA,NA,34.86180115,-86.5789032,"anonymous","EN",3.39,11.194,12.741,7,22,5,5,5,5,5,5,5,5,"He was smiling and wore glasses. He looked like a pretty happy-go-lucky kind of person.",5,4,4,5,5,57,"Female",1,NA,NA,NA,NA,NA,"",NA,"Beard","Glasses"
"165","4/28/19 12:29","4/28/19 12:31",0,"72.131.112.16",100,152,1,"4/28/19 12:31","R_2WOQDrvstB9j1A8",NA,NA,NA,NA,42.68960571,-88.03900146,"anonymous","EN",0,0,12.042,0,25,4,4,5,6,5,5,5,4,"The first thing I noticed was a smile. :)",6,5,4,3,4,48,"Female",1,NA,NA,NA,NA,NA,"",NA,"No Beard","No Glasses"
"166","4/28/19 12:27","4/28/19 12:32",0,"104.160.53.55",100,289,1,"4/28/19 12:32","R_1LiZaZcMoZ6lH1N",NA,NA,NA,NA,32.44129944,-81.77110291,"anonymous","EN",3.3,5.176,15.03,2,26,4,4,4,4,4,4,4,4,"First impressions are not based on a photo of a stranger. A video of a stranger in their natural environment would be a little more accurate to make a judgment for this survey, ",4,4,4,4,4,38,"Female",NA,NA,NA,NA,NA,1,"multi race",NA,"Beard","No Glasses"
"167","4/28/19 12:30","4/28/19 12:32",0,"69.14.250.152",100,95,1,"4/28/19 12:32","R_1gd4r2QIYihlQU5",NA,NA,NA,NA,42.59820557,-83.11669922,"anonymous","EN",0,0,15.025,0,35,4,6,6,6,5,6,5,6,"interesting",6,6,6,6,5,44,"Male",1,NA,NA,NA,NA,NA,"",NA,"No Beard","No Glasses"
"168","4/28/19 12:29","4/28/19 12:32",0,"73.230.249.28",100,214,1,"4/28/19 12:32","R_3ikAIKs8SdoBr0a",NA,NA,NA,NA,40.32260132,-76.40419769,"anonymous","EN",0,0,15.114,0,32,3,4,5,5,4,4,5,4,"happy",3,4,2,5,5,65,"Male",1,NA,NA,NA,NA,NA,"",NA,"Beard","Glasses"
"169","4/28/19 12:31","4/28/19 12:33",0,"98.170.244.18",100,116,1,"4/28/19 12:33","R_1Qc2ySCD2FgSsqd",NA,NA,NA,NA,30.7644043,-86.59169769,"anonymous","EN",0,0,15.007,0,24,4,5,5,6,4,4,6,4,"happy",6,4,4,4,4,25,"Female",1,NA,NA,NA,NA,NA,"",NA,"No Beard","Glasses"
"170","4/28/19 12:31","4/28/19 12:33",0,"50.26.74.104",100,77,1,"4/28/19 12:33","R_3kaY68anEm4pnxB",NA,NA,NA,NA,35.16549683,-101.8856964,"anonymous","EN",2.976,2.976,11.067,1,22,5,6,5,6,5,4,5,4,"needs to shave",5,5,4,6,6,55,"Male",1,NA,NA,NA,NA,NA,"",NA,"Beard","No Glasses"
"171","4/28/19 12:31","4/28/19 12:33",0,"64.107.2.40",100,73,1,"4/28/19 12:33","R_322XiQrj7bHBJdi",NA,NA,NA,NA,41.95550537,-87.66130066,"anonymous","EN",0,0,11.669,0,30,4,5,6,6,6,4,6,6,"GREGARIOUS",5,5,4,5,5,52,"Male",NA,1,NA,NA,NA,NA,"",NA,"Beard","No Glasses"
"172","4/28/19 12:29","4/28/19 12:33",0,"152.44.126.88",100,208,1,"4/28/19 12:33","R_3JEGULarp5M83kc",NA,NA,NA,NA,33.73869324,-78.97619629,"anonymous","EN",0,0,15.007,0,27,6,5,4,6,4,5,6,5,"seemed like a happy young adult",5,5,4,6,5,52,"Male",1,NA,NA,NA,NA,NA,"",NA,"Beard","Glasses"
"173","4/28/19 12:06","4/28/19 12:33",0,"73.118.24.58",100,1630,1,"4/28/19 12:33","R_12nWBZ5IovfFbWi",NA,NA,NA,NA,30.41560364,-84.18699646,"anonymous","EN",0,0,15.011,0,22,3,5,4,4,4,4,4,5,"He had a large nose, but seemed nice.",5,5,4,3,4,22,"Female",1,NA,NA,NA,NA,NA,"",NA,"No Beard","No Glasses"
"174","4/28/19 12:31","4/28/19 12:34",0,"172.56.13.213",100,169,1,"4/28/19 12:34","R_3ssSsC98SN7SZyB",NA,NA,NA,NA,41.94500732,-87.79959869,"anonymous","EN",0,0,13.776,0,25,6,4,4,6,4,7,6,6,"That he seems like a nice guy to hang out and a friendly guy who likes to be with other people.",4,6,5,5,4,20,"Male",1,NA,NA,NA,NA,NA,"",NA,"Beard","No Glasses"
"175","4/28/19 12:30","4/28/19 12:47",0,"107.77.210.122",100,989,1,"4/28/19 12:47","R_1o24vKhozRSfCB8",NA,NA,NA,NA,41.92149353,-87.64459991,"anonymous","EN",1.056,3.024,11.692,6,21,4,5,5,5,5,5,5,4,"He seems interesting but a bit nerdy.",6,5,5,5,5,25,"Male",1,NA,NA,NA,NA,NA,"",NA,"No Beard","Glasses"
"176","4/28/19 12:55","4/28/19 12:57",0,"73.192.68.107",100,81,1,"4/28/19 12:57","R_1hNlmti0Yuvbgi9",NA,NA,NA,NA,29.79640198,-81.26490021,"anonymous","EN",0,0,15.007,0,27,5,4,5,5,4,5,5,4,"none",5,5,4,5,5,58,"Male",1,NA,NA,NA,NA,NA,"",NA,"No Beard","No Glasses"
"177","4/28/19 13:05","4/28/19 13:07",0,"192.249.3.175",100,123,1,"4/28/19 13:07","R_1BRuqMexcNUJDr8",NA,NA,NA,NA,35.95559692,-83.93360138,"anonymous","EN",0,0,11.052,0,24,6,6,6,7,4,4,5,6,"He seems like a sweet person",5,6,6,5,5,20,"Female",1,NA,NA,NA,NA,NA,"",NA,"Beard","Glasses"
"178","4/28/19 13:18","4/28/19 13:20",0,"74.101.155.125",100,134,1,"4/28/19 13:20","R_Zs3C8UIeuRpQVjj",NA,NA,NA,NA,40.78089905,-73.95020294,"anonymous","EN",2.505,2.505,15.109,1,31,1,5,6,5,4,7,7,5,"Educated, well off, sure of himself, arrogant.",3,2,4,6,7,29,"Female",NA,1,NA,NA,NA,NA,"",NA,"No Beard","No Glasses"
"179","4/28/19 13:28","4/28/19 13:30",0,"75.111.239.251",100,159,1,"4/28/19 13:30","R_2bKkQ5VX6NVnEH5",NA,NA,NA,NA,33.51190186,-101.9316025,"anonymous","EN",2.087,2.935,15.042,2,25,1,4,5,6,3,4,4,3,"He looked too friendly, and may be successful.",5,4,4,5,5,34,"Male",NA,1,1,NA,NA,NA,"",NA,"Beard","Glasses"
"180","4/28/19 14:15","4/28/19 14:18",0,"108.250.57.252",100,129,1,"4/28/19 14:18","R_0xMC3fAI6pm2DJL",NA,NA,NA,NA,38.63529968,-121.4557953,"anonymous","EN",3.526,8.821,12.65,2,25,3,2,4,5,3,2,6,2,"he looks """"high""""(drunk), his eyes are a bit red",1,1,1,2,4,63,"Female",1,NA,NA,NA,NA,NA,"",NA,"Beard","No Glasses"
